{"schemaVersion":"1.0","appDefinitionTemplate":{"id":"/providers/Microsoft.PowerApps/apps/","type":"Microsoft.PowerApps/apps","tags":{"primaryDeviceWidth":"640","primaryDeviceHeight":"1136","supportsPortrait":"true","supportsLandscape":"true","primaryFormFactor":"Phone","publisherVersion":"3.23044.11","minimumRequiredApiVersion":"2.2.0","hasComponent":"false","hasUnlockedComponent":"false","isUnifiedRootApp":"false","sienaVersion":"20230502T122007Z-3.23044.11.0"},"properties":{"appVersion":"2023-05-02T12:20:07Z","lifeCycleId":"Published","createdByClientVersion":{"major":3,"minor":23044,"build":11,"revision":0,"majorRevision":0,"minorRevision":0},"minClientVersion":{"major":3,"minor":23044,"build":11,"revision":0,"majorRevision":0,"minorRevision":0},"backgroundColor":"rgba(13, 21, 57, 1)","backgroundImageUri":"/3038555831252922812/N71f89d56-a403-450e-a2f1-ab01f1a2bbca-logoSmallFile","displayName":"PowerappsComponents","description":"","commitMessage":"","appUris":{"documentUri":{"value":"/3038555831252922812/Ncc39b641-a83f-4a56-8252-250a2697f681-document.msapp"},"imageUris":[],"additionalUris":[]},"createdTime":"0001-01-01T00:00:00Z","lastModifiedTime":"0001-01-01T00:00:00Z","sharedGroupsCount":0,"sharedUsersCount":0,"connectionReferences":{},"databaseReferences":{},"almMode":"Environment","performanceOptimizationEnabled":true,"canConsumeAppPass":true,"enableModernRuntimeMode":false,"executionRestrictions":{"isTeamsOnly":false,"dataLossPreventionEvaluationResult":{"status":"Compliant","lastEvaluationDate":"2023-05-02T09:25:04.0298365Z","violations":[],"violationsByPolicy":[],"violationErrorMessage":"The app uses the following connectors: ."}}},"appType":"ClassicCanvasApp","appComponents":[]}}