{"name":"9e0f1d41-fa65-c3ae-275f-e8c32cfbb465","id":"/providers/Microsoft.Flow/flows/9e0f1d41-fa65-c3ae-275f-e8c32cfbb465","type":"Microsoft.Flow/flows","properties":{"apiId":"/providers/Microsoft.PowerApps/apis/shared_logicflows","displayName":"GetItemsCount","definition":{"metadata":{"workflowEntityId":"3a62a673-26dd-ee11-904c-000d3aca00a1","processAdvisorMetadata":null,"flowChargedByPaygo":null,"flowclientsuspensionreason":"None","flowclientsuspensiontime":null,"flowclientsuspensionreasondetails":null,"creator":{"id":"dfe8cc7c-b9af-416e-9d1d-dbf0167502c8","type":"User","tenantId":"184477c7-a169-49aa-98cf-519dac63a258"},"provisioningMethod":"FromDefinition","failureAlertSubscription":true,"clientLastModifiedTime":"2024-03-10T06:53:22.2340211Z","connectionKeySavedTimeKey":"2024-03-10T06:53:22.2340211Z"},"$schema":"https://schema.management.azure.com/providers/Microsoft.Logic/schemas/2016-06-01/workflowdefinition.json#","contentVersion":"1.0.0.0","parameters":{"$connections":{"defaultValue":{},"type":"Object"},"$authentication":{"defaultValue":{},"type":"SecureObject"}},"triggers":{"manual":{"metadata":{"operationMetadataId":"bef7ae47-a133-4f0d-abf1-bac98f1686ed"},"type":"Request","kind":"PowerAppV2","inputs":{"schema":{"type":"object","properties":{"number":{"title":"lastItemIID","type":"number","x-ms-dynamically-added":true,"description":"Please enter a number","x-ms-content-hint":"NUMBER"},"text":{"title":"uploadedFile","type":"string","x-ms-dynamically-added":true,"description":"Please enter your input","x-ms-content-hint":"TEXT"},"number_1":{"title":"itemID","type":"number","x-ms-dynamically-added":true,"description":"Please enter a number","x-ms-content-hint":"NUMBER"}},"required":["number","text","number_1"]}}}},"actions":{"Get_items":{"runAfter":{},"metadata":{"operationMetadataId":"88746161-3ebe-4cb0-befc-5dd6e7679cb3"},"type":"OpenApiConnection","inputs":{"host":{"apiId":"/providers/Microsoft.PowerApps/apis/shared_sharepointonline","connectionName":"shared_sharepointonline","operationId":"GetItems"},"parameters":{"dataset":"https://o365produ.sharepoint.com/sites/PowerappsLearning","table":"1a40055f-6df0-46f9-a331-d636b255e278","$filter":"ID gt @{triggerBody()['number']}","$top":5000},"authentication":{"value":"@json(decodeBase64(triggerOutputs().headers['X-MS-APIM-Tokens']))['$ConnectionKey']","type":"Raw"}}},"Update_item":{"runAfter":{"Get_items":["Succeeded"]},"metadata":{"operationMetadataId":"61380607-16f9-46fc-bd26-91502a96f72c"},"type":"OpenApiConnection","inputs":{"host":{"apiId":"/providers/Microsoft.PowerApps/apis/shared_sharepointonline","connectionName":"shared_sharepointonline","operationId":"PatchItem"},"parameters":{"dataset":"https://o365produ.sharepoint.com/sites/PowerappsLearning","table":"e4646c79-8903-443c-afb6-1babcd0f7a03","id":"@triggerBody()['number_1']","item/UploadedItemsCount":"@length(outputs('Get_items')?['body/value'])"},"authentication":{"value":"@json(decodeBase64(triggerOutputs().headers['X-MS-APIM-Tokens']))['$ConnectionKey']","type":"Raw"}}},"Respond_to_a_PowerApp_or_flow":{"runAfter":{"Update_item":["Succeeded"]},"metadata":{"operationMetadataId":"0a6c5e30-4be2-4ed1-b8ed-fcf8b3bf01d8"},"type":"Response","kind":"PowerApp","inputs":{"statusCode":200,"body":{},"schema":{"type":"object","properties":{}}}}}},"connectionReferences":{"shared_sharepointonline":{"connectionName":"shared-sharepointonl-14300796-f0a3-4d68-a9b4-3d1e5239b581","source":"Invoker","id":"/providers/Microsoft.PowerApps/apis/shared_sharepointonline","tier":"NotSpecified"}},"flowFailureAlertSubscribed":false,"isManaged":false}}