{"name":"8ea6f865-4b2f-575f-34f6-e23058c7e0f2","id":"/providers/Microsoft.Flow/flows/8ea6f865-4b2f-575f-34f6-e23058c7e0f2","type":"Microsoft.Flow/flows","properties":{"apiId":"/providers/Microsoft.PowerApps/apis/shared_logicflows","displayName":"ExcelUpload","definition":{"metadata":{"workflowEntityId":"8e3ed66a-a5de-ee11-904c-000d3aca00a1","processAdvisorMetadata":null,"flowChargedByPaygo":null,"flowclientsuspensionreason":"None","flowclientsuspensiontime":null,"flowclientsuspensionreasondetails":null,"creator":{"id":"dfe8cc7c-b9af-416e-9d1d-dbf0167502c8","type":"User","tenantId":"184477c7-a169-49aa-98cf-519dac63a258"},"provisioningMethod":"FromDefinition","failureAlertSubscription":true,"clientLastModifiedTime":"2024-03-10T10:21:07.0377913Z","connectionKeySavedTimeKey":"2024-03-10T10:21:07.0377913Z"},"$schema":"https://schema.management.azure.com/providers/Microsoft.Logic/schemas/2016-06-01/workflowdefinition.json#","contentVersion":"1.0.0.0","parameters":{"$connections":{"defaultValue":{},"type":"Object"},"$authentication":{"defaultValue":{},"type":"SecureObject"}},"triggers":{"manual":{"metadata":{"operationMetadataId":"f0b9ffdc-8e5e-42c4-a56f-54af9b9b8981"},"type":"Request","kind":"PowerAppV2","inputs":{"schema":{"type":"object","properties":{"file":{"title":"File Content","type":"object","x-ms-dynamically-added":true,"description":"Please select file or image","x-ms-content-hint":"FILE","properties":{"name":{"type":"string"},"contentBytes":{"type":"string","format":"byte"}}}},"required":["file"]}}}},"actions":{"Excel_Items_Count":{"runAfter":{},"metadata":{"operationMetadataId":"cd6849c7-ab23-4cba-a7d4-291389ae0080"},"type":"InitializeVariable","inputs":{"variables":[{"name":"varExcelItemsCount","type":"integer","value":0}]}},"Upload_Status":{"runAfter":{"Excel_Items_Count":["Succeeded"]},"metadata":{"operationMetadataId":"17013cf6-e4d3-4c96-b195-50a997c5fa40"},"type":"InitializeVariable","inputs":{"variables":[{"name":"varUploadStatus","type":"string"}]}},"Tables":{"runAfter":{"Upload_Status":["Succeeded"]},"metadata":{"operationMetadataId":"a63e175b-1b09-4319-a450-5780480946a3"},"type":"InitializeVariable","inputs":{"variables":[{"name":"varTables","type":"array"}]}},"Get_last_item_ID":{"runAfter":{"Tables":["Succeeded"]},"metadata":{"operationMetadataId":"7c161708-16dc-4fed-93be-68e55ad4f518"},"type":"OpenApiConnection","inputs":{"host":{"apiId":"/providers/Microsoft.PowerApps/apis/shared_sharepointonline","connectionName":"shared_sharepointonline","operationId":"GetItems"},"parameters":{"dataset":"https://o365produ.sharepoint.com/sites/PowerappsLearning","table":"1a40055f-6df0-46f9-a331-d636b255e278","$orderby":"ID desc","$top":1},"authentication":{"value":"@json(decodeBase64(triggerOutputs().headers['X-MS-APIM-Tokens']))['$ConnectionKey']","type":"Raw"}}},"varFileName":{"runAfter":{"Get_last_item_ID":["Succeeded"]},"metadata":{"operationMetadataId":"936e9560-00b5-4361-b4a7-4ef5f538316f"},"type":"Compose","inputs":"@concat(utcNow(), '_', triggerBody()['file']['name'])"},"Upload_file":{"runAfter":{"varFileName":["Succeeded"]},"metadata":{"operationMetadataId":"0e2383df-d2e9-407d-9a6d-66acc8d4f438"},"type":"OpenApiConnection","inputs":{"host":{"apiId":"/providers/Microsoft.PowerApps/apis/shared_sharepointonline","connectionName":"shared_sharepointonline","operationId":"CreateFile"},"parameters":{"dataset":"https://o365produ.sharepoint.com/sites/PowerappsLearning","folderPath":"/BulkUploadDL/UploadedFiles","name":"@outputs('varFileName')","body":"@triggerBody()['file']['contentBytes']"},"authentication":{"value":"@json(decodeBase64(triggerOutputs().headers['X-MS-APIM-Tokens']))['$ConnectionKey']","type":"Raw"}},"runtimeConfiguration":{"contentTransfer":{"transferMode":"Chunked"}}},"Get_file_properties":{"runAfter":{"Upload_file":["Succeeded"]},"metadata":{"operationMetadataId":"3b7c4521-d579-4b28-bb02-9040f922f38b"},"type":"OpenApiConnection","inputs":{"host":{"apiId":"/providers/Microsoft.PowerApps/apis/shared_sharepointonline","connectionName":"shared_sharepointonline","operationId":"GetFileItem"},"parameters":{"dataset":"https://o365produ.sharepoint.com/sites/PowerappsLearning","table":"5b00b837-1f3d-4670-8074-c570b7180078","id":"@outputs('Upload_file')?['body/ItemId']"},"authentication":{"value":"@json(decodeBase64(triggerOutputs().headers['X-MS-APIM-Tokens']))['$ConnectionKey']","type":"Raw"}}},"Create_item":{"runAfter":{"Get_file_properties":["Succeeded"]},"metadata":{"operationMetadataId":"6271b304-8f0b-4ff0-a6a1-b392fc76b635"},"type":"OpenApiConnection","inputs":{"host":{"apiId":"/providers/Microsoft.PowerApps/apis/shared_sharepointonline","connectionName":"shared_sharepointonline","operationId":"PostItem"},"parameters":{"dataset":"https://o365produ.sharepoint.com/sites/PowerappsLearning","table":"e4646c79-8903-443c-afb6-1babcd0f7a03","item/Title":"@outputs('varFileName')","item/Status/Value":"InProgress","item/LastItemID":"@if(greater(length(outputs('Get_last_item_ID')?['body/value']), 0), outputs('Get_last_item_ID')?['body/value'][0]['ID'], 0)","item/UploadedItemsCount":0,"item/AllItemsCount":0},"authentication":{"value":"@json(decodeBase64(triggerOutputs().headers['X-MS-APIM-Tokens']))['$ConnectionKey']","type":"Raw"}}},"Get_tables":{"runAfter":{"Create_item":["Succeeded"]},"metadata":{"operationMetadataId":"51f3290b-75de-4a3a-9a5e-88dad85408a7","tableId":null},"type":"OpenApiConnection","inputs":{"host":{"apiId":"/providers/Microsoft.PowerApps/apis/shared_excelonlinebusiness","connectionName":"shared_excelonlinebusiness_1","operationId":"GetTables"},"parameters":{"source":"sites/o365produ.sharepoint.com,e826f5b6-f4e0-4325-af53-20b76fda936c,551b5b75-7657-42bf-a9b4-138b3b95294f","drive":"b!tvUm6OD0JUOvUyC3b9qTbHVbG1VXdr9CqbQTizuVKU83uABbPR9wRoB0xXC3GAB4","file":"@outputs('Get_file_properties')?['body/{FullPath}']"},"authentication":{"value":"@json(decodeBase64(triggerOutputs().headers['X-MS-APIM-Tokens']))['$ConnectionKey']","type":"Raw"}}},"Apply_to_each":{"foreach":"@outputs('Get_tables')?['body/value']","actions":{"Append_to_array_variable":{"runAfter":{},"metadata":{"operationMetadataId":"7ecbce09-c13e-46ac-9a7c-55a1e735e12a"},"type":"AppendToArrayVariable","inputs":{"name":"varTables","value":"@items('Apply_to_each')?['name']"}}},"runAfter":{"Get_tables":["Succeeded"]},"metadata":{"operationMetadataId":"af962a2f-4a83-48d5-9aa6-5d78a99ce8e2"},"type":"Foreach"},"Condition":{"actions":{"Update_Excel_Items_Count":{"runAfter":{"Update_Status_-_Error":["Skipped","TimedOut"]},"metadata":{"operationMetadataId":"6eae5d64-22b7-482c-8e0e-e72b54204938"},"type":"SetVariable","inputs":{"name":"varExcelItemsCount","value":"@length(outputs('List_rows_present_in_a_table')?['body/value'])"}},"Update_item":{"runAfter":{"Update_Excel_Items_Count":["Succeeded"]},"metadata":{"operationMetadataId":"d59696a8-2454-494d-bc52-cc42e4e66780"},"type":"OpenApiConnection","inputs":{"host":{"apiId":"/providers/Microsoft.PowerApps/apis/shared_sharepointonline","connectionName":"shared_sharepointonline","operationId":"PatchItem"},"parameters":{"dataset":"https://o365produ.sharepoint.com/sites/PowerappsLearning","table":"e4646c79-8903-443c-afb6-1babcd0f7a03","id":"@outputs('Create_item')?['body/ID']","item/Status/Value":"InProgress","item/AllItemsCount":"@variables('varExcelItemsCount')"},"authentication":{"value":"@json(decodeBase64(triggerOutputs().headers['X-MS-APIM-Tokens']))['$ConnectionKey']","type":"Raw"}}},"Apply_to_each_on_table_rows":{"foreach":"@outputs('List_rows_present_in_a_table')?['body/value']","actions":{"Create_item_2":{"runAfter":{},"metadata":{"operationMetadataId":"ae0b290c-bbbc-425b-a032-237cf0d9ec1a"},"type":"OpenApiConnection","inputs":{"host":{"apiId":"/providers/Microsoft.PowerApps/apis/shared_sharepointonline","connectionName":"shared_sharepointonline","operationId":"PostItem"},"parameters":{"dataset":"https://o365produ.sharepoint.com/sites/PowerappsLearning","table":"1a40055f-6df0-46f9-a331-d636b255e278","item/Title":"@if(equals(items('Apply_to_each_on_table_rows')?['Last Name'],''),null,items('Apply_to_each_on_table_rows')?['Last Name'])","item/FirstName":"@if(equals(items('Apply_to_each_on_table_rows')?['First Name'],''),null,items('Apply_to_each_on_table_rows')?['First Name'])","item/DOB":"@if(equals(items('Apply_to_each_on_table_rows')?['Date of Birth'],''),null,items('Apply_to_each_on_table_rows')?['Date of Birth'])","item/EmailID/Claims":"@if(equals(items('Apply_to_each_on_table_rows')?['Email ID'],''),null,concat('i:0#.f|membership|',items('Apply_to_each_on_table_rows')?['Email ID']))"},"authentication":{"value":"@json(decodeBase64(triggerOutputs().headers['X-MS-APIM-Tokens']))['$ConnectionKey']","type":"Raw"}}}},"runAfter":{"Update_item":["Succeeded"]},"metadata":{"operationMetadataId":"7f8c998d-30fb-4467-a079-8713119048de"},"type":"Foreach"},"Respond_to_a_PowerApp_or_flow":{"runAfter":{},"metadata":{"operationMetadataId":"91273357-82f4-4592-ba8c-43d33d7af8c7"},"type":"Response","kind":"PowerApp","inputs":{"statusCode":200,"body":{"filename":"@{outputs('varFileName')}"},"schema":{"type":"object","properties":{"filename":{"title":"fileName","x-ms-dynamically-added":true,"type":"string"}}}}},"List_rows_present_in_a_table":{"runAfter":{"Respond_to_a_PowerApp_or_flow":["Succeeded"]},"metadata":{"operationMetadataId":"24899d82-6a32-42d4-bb4d-d89b3c00ed07","tableId":"BulkUpload"},"type":"OpenApiConnection","inputs":{"host":{"apiId":"/providers/Microsoft.PowerApps/apis/shared_excelonlinebusiness","connectionName":"shared_excelonlinebusiness_1","operationId":"GetItems"},"parameters":{"source":"sites/o365produ.sharepoint.com,e826f5b6-f4e0-4325-af53-20b76fda936c,551b5b75-7657-42bf-a9b4-138b3b95294f","drive":"b!tvUm6OD0JUOvUyC3b9qTbHVbG1VXdr9CqbQTizuVKU83uABbPR9wRoB0xXC3GAB4","file":"@outputs('Get_file_properties')?['body/{FullPath}']","table":"BulkUpload","dateTimeFormat":"ISO 8601"},"authentication":{"value":"@json(decodeBase64(triggerOutputs().headers['X-MS-APIM-Tokens']))['$ConnectionKey']","type":"Raw"}}},"Update_Status_-_Error":{"runAfter":{"List_rows_present_in_a_table":["Failed"]},"metadata":{"operationMetadataId":"4e7cd836-9724-4843-ba76-0c26e87855d8"},"type":"SetVariable","inputs":{"name":"varUploadStatus","value":"Error"}},"Update_Status_-_Success":{"runAfter":{"Update_Status_-_Error1":["Skipped"]},"metadata":{"operationMetadataId":"803bda37-a6dc-4e30-961e-ddb2c419b8fe"},"type":"SetVariable","inputs":{"name":"varUploadStatus","value":"Completed"}},"Update_item_-_Status":{"runAfter":{"Update_Status_-_Success":["Succeeded","Failed","Skipped"]},"metadata":{"operationMetadataId":"d59696a8-2454-494d-bc52-cc42e4e66780"},"type":"OpenApiConnection","inputs":{"host":{"apiId":"/providers/Microsoft.PowerApps/apis/shared_sharepointonline","connectionName":"shared_sharepointonline","operationId":"PatchItem"},"parameters":{"dataset":"https://o365produ.sharepoint.com/sites/PowerappsLearning","table":"e4646c79-8903-443c-afb6-1babcd0f7a03","id":"@outputs('Create_item')?['body/ID']","item/Status/Value":"@variables('varUploadStatus')"},"authentication":{"value":"@json(decodeBase64(triggerOutputs().headers['X-MS-APIM-Tokens']))['$ConnectionKey']","type":"Raw"}}},"Update_Status_-_Error1":{"runAfter":{"Apply_to_each_on_table_rows":["Failed"]},"metadata":{"operationMetadataId":"5306d865-350a-4cf0-8e7f-4793575fa0eb"},"type":"SetVariable","inputs":{"name":"varUploadStatus","value":"Error"}}},"runAfter":{"Apply_to_each":["Succeeded"]},"expression":{"contains":["@variables('varTables')","BulkUpload"]},"metadata":{"operationMetadataId":"51fd9c38-eb05-4c58-9d3d-3d4249ad66b3"},"type":"If"}}},"connectionReferences":{"shared_sharepointonline":{"connectionName":"shared-sharepointonl-ca7a1023-6a02-4830-9213-d18a7cca8566","source":"Invoker","id":"/providers/Microsoft.PowerApps/apis/shared_sharepointonline","tier":"NotSpecified"},"shared_excelonlinebusiness_1":{"connectionName":"shared-excelonlinebu-7df468f6-0de8-4a86-9320-c79e60c4cd56","source":"Invoker","id":"/providers/Microsoft.PowerApps/apis/shared_excelonlinebusiness","tier":"NotSpecified"}},"flowFailureAlertSubscribed":false,"isManaged":false}}