{"schemaVersion":"1.0","appDefinitionTemplate":{"id":"/providers/Microsoft.PowerApps/apps/","type":"Microsoft.PowerApps/apps","tags":{"primaryDeviceWidth":"640","primaryDeviceHeight":"1136","supportsPortrait":"true","supportsLandscape":"true","primaryFormFactor":"Phone","publisherVersion":"3.23042.12","minimumRequiredApiVersion":"2.2.0","hasComponent":"false","hasUnlockedComponent":"false","isUnifiedRootApp":"false","sienaVersion":"20230424T160242Z-3.23042.12.0"},"properties":{"appVersion":"2023-04-24T16:02:42Z","lifeCycleId":"Published","createdByClientVersion":{"major":3,"minor":23042,"build":12,"revision":0,"majorRevision":0,"minorRevision":0},"minClientVersion":{"major":3,"minor":23042,"build":12,"revision":0,"majorRevision":0,"minorRevision":0},"backgroundColor":"RGBA(0,176,240,1)","backgroundImageUri":"/1351280713470463456/N2feb4c84-a950-4234-b9ef-db1ef63727cf-logoSmallFile","displayName":"Product Catalogue Sample","description":"","commitMessage":"","appUris":{"documentUri":{"value":"/1351280713470463456/Nf585de5a-c8fd-4b2b-adc7-22ef0c3ff435-document.msapp"},"imageUris":[],"additionalUris":[]},"createdTime":"0001-01-01T00:00:00Z","lastModifiedTime":"0001-01-01T00:00:00Z","sharedGroupsCount":0,"sharedUsersCount":0,"connectionReferences":{"05cbac5d-088b-4dcd-9c39-7f079f65cbe3":{"id":"9375bcd9-2958-46a9-ac38-f929b61039ec","displayName":"SharePoint","iconUri":"https://connectoricons-prod.azureedge.net/releases/v1.0.1627/1.0.1627.3238/sharepointonline/icon.png","dataSources":["ProductDetails"],"dependencies":[],"dependents":[],"parameterHints":{},"parameterHintsV2":{},"isOnPremiseConnection":false,"bypassConsent":false,"dataSets":{"https://o365produ.sharepoint.com/sites/PowerappsLearning":{"dataSources":{"ProductDetails":{"tableName":"41ac00ed-a83f-466f-9017-18d6a2d84500"}}}},"apiTier":"Standard","isCustomApiConnection":false,"actions":["providers/PowerPlatform.Governance/Operations/Read"]}},"databaseReferences":{},"almMode":"Environment","performanceOptimizationEnabled":true,"canConsumeAppPass":true,"enableModernRuntimeMode":false,"executionRestrictions":{"isTeamsOnly":false,"dataLossPreventionEvaluationResult":{"status":"Compliant","lastEvaluationDate":"2023-04-24T10:11:53.5436719Z","violations":[],"violationsByPolicy":[],"violationErrorMessage":"The app uses the following connectors: ."}}},"appType":"ClassicCanvasApp","appComponents":[]}}