{"schemaVersion":"1.0","appDefinitionTemplate":{"id":"/providers/Microsoft.PowerApps/apps/","type":"Microsoft.PowerApps/apps","tags":{"primaryDeviceWidth":"1366","primaryDeviceHeight":"768","supportsPortrait":"true","supportsLandscape":"true","primaryFormFactor":"Tablet","showStatusBar":"false","publisherVersion":"3.24024.12","minimumRequiredApiVersion":"2.2.0","hasComponent":"false","hasUnlockedComponent":"false","isUnifiedRootApp":"false","offlineLargeFilesSupport":"false","sienaVersion":"20240310T150347Z-3.24024.12.0"},"properties":{"appVersion":"2024-03-10T15:03:47Z","lifeCycleId":"Published","createdByClientVersion":{"major":3,"minor":24024,"build":12,"revision":0,"majorRevision":0,"minorRevision":0},"minClientVersion":{"major":3,"minor":24024,"build":12,"revision":0,"majorRevision":0,"minorRevision":0},"backgroundColor":"rgba(255, 255, 255, 1)","backgroundImageUri":"/14540523958421447774/Na27d31d4-ab6f-41cb-9fee-aacf8cf98bcc-logoSmallFile","displayName":"Excel Bulk Upload - Export","description":"","commitMessage":"","appUris":{"documentUri":{"value":"/14540523958421447774/N4d989048-c139-406b-81e8-a88ff06d787f-document.msapp"},"imageUris":[],"additionalUris":[{"isSolutionAware":false,"value":"/14540523958421447774/Nd8b786a3-c37c-49a7-9d63-3f5ba482782f-identity.json"}]},"createdTime":"0001-01-01T00:00:00Z","lastModifiedTime":"0001-01-01T00:00:00Z","sharedGroupsCount":0,"sharedUsersCount":0,"connectionReferences":{"0c656fda-6f31-40fe-b50a-9b95135f17e5":{"id":"9375bcd9-2958-46a9-ac38-f929b61039ec","displayName":"SharePoint","iconUri":"https://connectoricons-prod.azureedge.net/u/alexsp/sporelease/1.0.1682.3673/sharepointonline/icon.png","dataSources":["BulkUpload","BulkUploadStatus"],"dependencies":[],"dependents":["892c403b-beb7-4096-b6c1-9ac1f591c007"],"parameterHints":{},"parameterHintsV2":{},"isOnPremiseConnection":false,"bypassConsent":false,"dataSets":{"https://o365produ.sharepoint.com/sites/PowerappsLearning":{"dataSources":{"BulkUpload":{"tableName":"1a40055f-6df0-46f9-a331-d636b255e278"},"BulkUploadStatus":{"tableName":"e4646c79-8903-443c-afb6-1babcd0f7a03"}}}},"apiTier":"Standard","isCustomApiConnection":false,"actions":["providers/PowerPlatform.Governance/Operations/Read","providers/PowerPlatform.Governance/Operations/Write"]},"10cbf0a6-9cbd-443a-85b3-6bb366718b30":{"id":"b2c553f4-61be-41e1-b0f6-a6347010c8d6","displayName":"Logic flows","iconUri":"https://connectoricons-prod.azureedge.net/releases/v1.0.1680/1.0.1680.3652/logicflows/icon.png","dataSources":["GetItemsCount"],"dependencies":["8e64c25a-0e12-4bca-81a7-4ed356a7cc4f"],"dependents":[],"parameterHints":{"workflowName":{"value":"c328c802-cd7f-4f8d-973c-5b17d4994c03"},"workflowEntityId":{"value":"3a62a673-26dd-ee11-904c-000d3aca00a1"},"workflowDisplayName":{"value":"GetItemsCount"},"8e64c25a-0e12-4bca-81a7-4ed356a7cc4f":{"value":"shared_sharepointonline"}},"parameterHintsV2":{"workflowName":{"value":"c328c802-cd7f-4f8d-973c-5b17d4994c03"},"workflowEntityId":{"value":"3a62a673-26dd-ee11-904c-000d3aca00a1"},"workflowDisplayName":{"value":"GetItemsCount"},"shared_sharepointonline":{"value":"8e64c25a-0e12-4bca-81a7-4ed356a7cc4f"}},"isOnPremiseConnection":false,"bypassConsent":false,"dataSets":{},"apiTier":"Standard","isCustomApiConnection":false,"nestedActions":[{"id":"/providers/Microsoft.PowerApps/apis/shared_sharepointonline/apiOperations/GetItems","apiName":"SharePoint","actionName":"GetItems","referencedResources":[{"key":"site","value":"https://o365produ.sharepoint.com/sites/PowerappsLearning"},{"key":"list","value":"1a40055f-6df0-46f9-a331-d636b255e278"}]},{"id":"/providers/Microsoft.PowerApps/apis/shared_sharepointonline/apiOperations/PatchItem","apiName":"SharePoint","actionName":"PatchItem","referencedResources":[{"key":"site","value":"https://o365produ.sharepoint.com/sites/PowerappsLearning"},{"key":"list","value":"e4646c79-8903-443c-afb6-1babcd0f7a03"}]}]},"8e64c25a-0e12-4bca-81a7-4ed356a7cc4f":{"id":"9375bcd9-2958-46a9-ac38-f929b61039ec","displayName":"SharePoint","iconUri":"https://connectoricons-prod.azureedge.net/u/alexsp/sporelease/1.0.1682.3673/sharepointonline/icon.png","dataSources":[],"dependencies":[],"dependents":["10cbf0a6-9cbd-443a-85b3-6bb366718b30"],"parameterHints":{},"parameterHintsV2":{},"isOnPremiseConnection":false,"bypassConsent":false,"dataSets":{},"apiTier":"Standard","isCustomApiConnection":false},"892c403b-beb7-4096-b6c1-9ac1f591c007":{"id":"b2c553f4-61be-41e1-b0f6-a6347010c8d6","displayName":"Logic flows","iconUri":"https://connectoricons-prod.azureedge.net/releases/v1.0.1680/1.0.1680.3652/logicflows/icon.png","dataSources":["ExcelUpload"],"dependencies":["0c656fda-6f31-40fe-b50a-9b95135f17e5","bbf90ddc-7d7a-47c9-ac3d-64a65cfbbd51"],"dependents":[],"parameterHints":{"workflowName":{"value":"c0bb96ca-fbf9-48df-8216-bcd1c1e5a3ba"},"workflowEntityId":{"value":"8e3ed66a-a5de-ee11-904c-000d3aca00a1"},"workflowDisplayName":{"value":"ExcelUpload"},"0c656fda-6f31-40fe-b50a-9b95135f17e5":{"value":"shared_sharepointonline"},"bbf90ddc-7d7a-47c9-ac3d-64a65cfbbd51":{"value":"shared_excelonlinebusiness_1"}},"parameterHintsV2":{"workflowName":{"value":"c0bb96ca-fbf9-48df-8216-bcd1c1e5a3ba"},"workflowEntityId":{"value":"8e3ed66a-a5de-ee11-904c-000d3aca00a1"},"workflowDisplayName":{"value":"ExcelUpload"},"shared_sharepointonline":{"value":"0c656fda-6f31-40fe-b50a-9b95135f17e5"},"shared_excelonlinebusiness_1":{"value":"bbf90ddc-7d7a-47c9-ac3d-64a65cfbbd51"}},"isOnPremiseConnection":false,"bypassConsent":false,"dataSets":{},"apiTier":"Standard","isCustomApiConnection":false,"actions":["Run"],"nestedActions":[{"id":"/providers/Microsoft.PowerApps/apis/shared_sharepointonline/apiOperations/GetItems","apiName":"SharePoint","actionName":"GetItems","referencedResources":[{"key":"site","value":"https://o365produ.sharepoint.com/sites/PowerappsLearning"},{"key":"list","value":"1a40055f-6df0-46f9-a331-d636b255e278"}]},{"id":"/providers/Microsoft.PowerApps/apis/shared_sharepointonline/apiOperations/CreateFile","apiName":"SharePoint","actionName":"CreateFile","referencedResources":[{"key":"site","value":"https://o365produ.sharepoint.com/sites/PowerappsLearning"}]},{"id":"/providers/Microsoft.PowerApps/apis/shared_sharepointonline/apiOperations/GetFileItem","apiName":"SharePoint","actionName":"GetFileItem","referencedResources":[{"key":"site","value":"https://o365produ.sharepoint.com/sites/PowerappsLearning"},{"key":"list","value":"5b00b837-1f3d-4670-8074-c570b7180078"}]},{"id":"/providers/Microsoft.PowerApps/apis/shared_sharepointonline/apiOperations/PostItem","apiName":"SharePoint","actionName":"PostItem","referencedResources":[{"key":"site","value":"https://o365produ.sharepoint.com/sites/PowerappsLearning"},{"key":"list","value":"1a40055f-6df0-46f9-a331-d636b255e278"},{"key":"site","value":"https://o365produ.sharepoint.com/sites/PowerappsLearning"},{"key":"list","value":"e4646c79-8903-443c-afb6-1babcd0f7a03"}]},{"id":"/providers/Microsoft.PowerApps/apis/shared_excelonlinebusiness/apiOperations/GetTables","apiName":"Excel Online (Business)","actionName":"GetTables","referencedResources":[{"key":"fileId","value":"b!tvUm6OD0JUOvUyC3b9qTbHVbG1VXdr9CqbQTizuVKU83uABbPR9wRoB0xXC3GAB4/@outputs('Get_file_properties')?['body/{FullPath}']"}]},{"id":"/providers/Microsoft.PowerApps/apis/shared_sharepointonline/apiOperations/PatchItem","apiName":"SharePoint","actionName":"PatchItem","referencedResources":[{"key":"site","value":"https://o365produ.sharepoint.com/sites/PowerappsLearning"},{"key":"list","value":"e4646c79-8903-443c-afb6-1babcd0f7a03"}]},{"id":"/providers/Microsoft.PowerApps/apis/shared_excelonlinebusiness/apiOperations/GetItems","apiName":"Excel Online (Business)","actionName":"GetItems","referencedResources":[{"key":"fileId","value":"b!tvUm6OD0JUOvUyC3b9qTbHVbG1VXdr9CqbQTizuVKU83uABbPR9wRoB0xXC3GAB4/@outputs('Get_file_properties')?['body/{FullPath}']"},{"key":"table","value":"BulkUpload"}]}]},"bbf90ddc-7d7a-47c9-ac3d-64a65cfbbd51":{"id":"eb4a09b2-3b36-4ea2-90bb-78e40e8bcca2","displayName":"Excel Online (Business)","iconUri":"https://connectoricons-prod.azureedge.net/releases/v1.0.1680/1.0.1680.3652/excelonlinebusiness/icon.png","dataSources":[],"dependencies":[],"dependents":["892c403b-beb7-4096-b6c1-9ac1f591c007"],"parameterHints":{},"parameterHintsV2":{},"isOnPremiseConnection":false,"bypassConsent":false,"dataSets":{},"apiTier":"Standard","isCustomApiConnection":false}},"databaseReferences":{},"almMode":"Environment","performanceOptimizationEnabled":false,"canConsumeAppPass":false,"enableModernRuntimeMode":false,"executionRestrictions":{"isTeamsOnly":false,"dataLossPreventionEvaluationResult":{"status":"Compliant","lastEvaluationDate":"2024-03-10T15:03:51.0732636Z","violations":[],"violationsByPolicy":[],"violationErrorMessage":"The app uses the following connectors: shared_sharepointonline, shared_logicflows, shared_excelonlinebusiness."},"httpActionRestriction":{"appUsesSharepointHttpAction":false,"enforcementStrategy":"Legacy","evaluationTime":"2024-03-10T15:03:51.0731017Z"}}},"appType":"ClassicCanvasApp","appComponents":[]}}